[
{
  "model": "users.user",
  "pk": 1,
  "fields": {
    "password": "pbkdf2_sha256$600000$7zxwHMvvKzOefH4VLGR4Wh$7gzHGJuDiYwoGL/Kj6rBV/izJb8yY6H0rGu5dFNyt7Y=",
    "last_login": "2023-08-08T18:50:51.989Z",
    "is_superuser": true,
    "username": "denkarlos",
    "first_name": "",
    "last_name": "",
    "is_staff": true,
    "is_active": true,
    "date_joined": "2023-08-08T17:30:39.791Z",
    "phone": "+996772233233",
    "photo": "",
    "email": "kominaretsdenis@gmail.com",
    "groups": [],
    "user_permissions": []
  }
},
{
  "model": "users.user",
  "pk": 2,
  "fields": {
    "password": "badyrang",
    "last_login": null,
    "is_superuser": false,
    "username": "bogdashka",
    "first_name": "",
    "last_name": "",
    "is_staff": false,
    "is_active": true,
    "date_joined": "2023-08-09T15:00:00Z",
    "phone": "+996770368836",
    "photo": "",
    "email": "bkominarets@gmail.com",
    "groups": [],
    "user_permissions": []
  }
},
{
  "model": "users.user",
  "pk": 3,
  "fields": {
    "password": "badyrang",
    "last_login": null,
    "is_superuser": false,
    "username": "Ninel",
    "first_name": "",
    "last_name": "",
    "is_staff": false,
    "is_active": true,
    "date_joined": "2023-08-09T15:01:50Z",
    "phone": "+996771192364",
    "photo": "",
    "email": "nina.kom12345@gmail.com",
    "groups": [],
    "user_permissions": []
  }
},
{
  "model": "users.user",
  "pk": 4,
  "fields": {
    "password": "badyrang",
    "last_login": null,
    "is_superuser": false,
    "username": "Krasavchik",
    "first_name": "",
    "last_name": "",
    "is_staff": false,
    "is_active": true,
    "date_joined": "2023-08-09T15:02:44Z",
    "phone": "+996700123456",
    "photo": "",
    "email": "softiumbishkek@yandex.ru",
    "groups": [],
    "user_permissions": []
  }
},
{
  "model": "books.book",
  "pk": 1,
  "fields": {
    "title": "Гарри Поттер",
    "authors": null,
    "description": "",
    "language": null,
    "publication_year": null,
    "time_create": "2023-08-08T18:52:02.717Z",
    "time_update": "2023-08-09T08:25:10.812Z",
    "owner": 1,
    "is_ordered": false,
    "photo": "book_photo/harry_potter_1_rosmen.jpg",
    "genre": []
  }
},
{
  "model": "books.book",
  "pk": 2,
  "fields": {
    "title": "Одиночка",
    "authors": "Алекс Кош",
    "description": "Фальк смог получить второй из пяти мечей, необходимых для завершения задания богини, и теперь его путь лежит в земли эльфов. Время ограничено, но прежде чем начинать новый квест, было бы неплохо завершить дела в Аркеме. Всего-то и нужно — защитить город гремлинов от нашествия демонов с помощью механизмов древних. Но это всё там, в игре, а в реальном мире Андрей встретил первого \"коллегу\", получившего игровые способности. Кто он — союзник или враг? И как далеко он продвинулся в выполнении своего божественного задания?",
    "language": "русский",
    "publication_year": 2023,
    "time_create": "2023-08-09T15:26:24.870Z",
    "time_update": "2023-08-09T15:26:24.870Z",
    "owner": 2,
    "is_ordered": false,
    "photo": "",
    "genre": [
      3,
      7
    ]
  }
},
{
  "model": "books.book",
  "pk": 3,
  "fields": {
    "title": "Мертвый невод Егора Лисицы",
    "authors": "Лиза Лосева",
    "description": "Роман Лизы Лосевой из серии «Ретро-детектив» рассказывает о новом расследовании Егора Лисицы — судмедэксперта Доноблугро. На этот раз он отправляется в отдаленный хутор Ряженое, чтобы выяснить обстоятельства смерти местной активистки Любы Рудиной. Та уехала в город за покупками для ячейки ревкома и пропала. Позже ее тело нашли в заводи у хутора в кроваво-красной от зацветших водорослей воде… Действие остросюжетных романов Лизы Лосевой происходит в один из самых напряженных периодов в истории нашей страны — 1920-е — 1930-е годы. Страна, еще не до конца оправившаяся после революции и Гражданской войны, пытается строить новую жизнь. На колоритном историческом фоне развивается захватывающая детективная интрига. Ретро-детектив Лизы Лосевой — серия романов, действие которых происходит в 1920-е годы в Ростове-на-Дону, Нахичевани и других городах юга страны. Карта событий соблюдена довольно точно. Дома героев можно найти в современном городе, по ним даже есть экскурсия. Автор работала в архивах в России и в Германии, чтобы точнее показать те методы, которые могли использовать судебные врачи и криминалисты того времени. Лиза Лосева собирала детали быта не только в архивах, но и в личных историях, ведь очень важно было передать своеобразие места.",
    "language": "русский",
    "publication_year": 2023,
    "time_create": "2023-08-09T15:29:39.486Z",
    "time_update": "2023-08-09T15:29:39.486Z",
    "owner": 2,
    "is_ordered": false,
    "photo": "",
    "genre": [
      9,
      10
    ]
  }
},
{
  "model": "books.book",
  "pk": 4,
  "fields": {
    "title": "Мистер Солнечный Cвет",
    "authors": "Ким Ён Су , Ким Ынсук",
    "description": "Чосон, конец XIX – начало XX века.Над страной нависла угроза японской оккупации.Смелая и гордая аристократка Ко Эщин в мужском костюме и с винтовкой в руках борется за свободу родины в рядах повстанцев. Кажется, теперь в ее сердце нет места чувствам к американцу Юджину Чхве, который готов на все, чтобы быть рядом с ней. А значит, и ему суждено стать участником большой истории. Герои оказываются вовлеченными в дворцовые интриги, выполняют секретные миссии и каждый день рискуют жизнью.Как сложится судьба этих двух людей, вынужденных выбирать между любовью и долгом? Куда приведет их выбранный путь? И смогут ли они достичь своих целей?",
    "language": "русский",
    "publication_year": 2023,
    "time_create": "2023-08-09T15:30:56.385Z",
    "time_update": "2023-08-09T15:30:56.385Z",
    "owner": 2,
    "is_ordered": false,
    "photo": "",
    "genre": [
      10,
      11
    ]
  }
},
{
  "model": "books.book",
  "pk": 5,
  "fields": {
    "title": "Виннету – вождь апачей",
    "authors": "Карл Май",
    "description": "Наиболее известный роман Карла Фридриха Мая, немецкого классика приключенческой литературы – история о двух друзьях-побратимах: легендарном индейском вожде Виннету и молодом немце, приехавшем в Америку попытать счастья и получившем от индейцев уважительное имя Разящая Рука..\r\nISBN: 978-5-275-01996-4\r\nСтраниц: 310\r\nПеревод книги: Виктор Дюбов",
    "language": "русский",
    "publication_year": 2021,
    "time_create": "2023-08-09T15:32:57.094Z",
    "time_update": "2023-08-09T15:32:57.094Z",
    "owner": 1,
    "is_ordered": false,
    "photo": "",
    "genre": [
      12,
      10,
      2
    ]
  }
},
{
  "model": "books.book",
  "pk": 6,
  "fields": {
    "title": "Таинственный незнакомец",
    "authors": "Марк Твен",
    "description": "В конце XV века, в разгар охоты на ведьм в австрийской деревне появляется Таинственный незнакомец. Он обладает сверхъестественными возможностями: может вдохнуть жизнь или прервать её, вмешаться в линию судьбы и изменить её, осчастливить или покарать. Три друга, его доверенные лица, становятся свидетелями библейских событий, прошлых и грядущих происшествий в других странах, а также наблюдают за жителями собственной деревни и последствиями вмешательства незнакомца в их жизнь.\r\nПеревод книги: Людмила Марковна Биндеман",
    "language": "русский",
    "publication_year": 1989,
    "time_create": "2023-08-09T15:36:04.002Z",
    "time_update": "2023-08-09T15:36:04.002Z",
    "owner": 1,
    "is_ordered": false,
    "photo": "",
    "genre": [
      13,
      14,
      2
    ]
  }
},
{
  "model": "books.book",
  "pk": 7,
  "fields": {
    "title": "Одесский юмор. Рассказы, миниатюры, афоризмы",
    "authors": "Валерий Хаит",
    "description": "Неисчезающая художественная аура произведений Бабеля, Ильфа и Петрова, Катаева, Олеши, продолжающееся блистательное творчество Михаила Жванецкого, ежемесячно выходящий с 1997 года одесский журнал «Фонтан» благоприятствовали появлению в Одессе новых авторов, многие из которых продолжили лучшие традиции одесского литературного юмора и в XXI веке. Словом, пока жива Одесса, жив и ее юмор! Прочтя книгу, вы в этом легко убедитесь…\r\nИздательство: Эксмо\r\nISBN: 978-5-04-093130-9\r\nСтраниц: 608\r\nФормат: 115x180 мм (малый формат)",
    "language": "русский",
    "publication_year": 2019,
    "time_create": "2023-08-09T15:37:53.128Z",
    "time_update": "2023-08-09T15:40:54.511Z",
    "owner": 1,
    "is_ordered": false,
    "photo": "",
    "genre": [
      15,
      16,
      8
    ]
  }
},
{
  "model": "books.book",
  "pk": 8,
  "fields": {
    "title": "От Геркулесовых столбов до Эльдорадо",
    "authors": "Наталья Шильнова",
    "description": "Азию мы называем Азией, а Антарктиду – Антарктидой. Вот Фарерские острова, но нам лучше на Канарские. Слова, известные со школы, звучат, будто музыка: Гренландия и Исландия, Миссури и Ориноко, Босфор и Дарданеллы. С чем и с кем связано то или иное географическое название – кто так назвал, когда и почему? Знать бы! И удивлять других: «Кстати, о Миссисипи…»Эта книга раскрывает многие историко-географические тайны. Рассказы о происхождении названий географических объектов часто оказываются посильнее детективных романов.\r\nISBN: 978-5-93196-952-7\r\nСтраниц: 224\r\nТираж: 2000\r\nФормат: 130х200 мм (средний формат)",
    "language": "русский",
    "publication_year": 2010,
    "time_create": "2023-08-09T15:43:43.240Z",
    "time_update": "2023-08-09T15:43:43.240Z",
    "owner": 1,
    "is_ordered": false,
    "photo": "",
    "genre": [
      1,
      17
    ]
  }
},
{
  "model": "books.book",
  "pk": 9,
  "fields": {
    "title": "Куриный бульон для души. Найди время для себя. 101 история заботы о себе и поиске баланса.",
    "authors": "Эми Ньюмарк",
    "description": "Если мы чему-то и научились за последние два года, так это тому, что жизнь непредсказуема и ничто не гарантировано. И так важно ценить и проживать каждый момент – радоваться, проводить как можно больше времени с любимыми людьми, заниматься делом, которое вас наполняет, и относиться к себе, как к дорогому гостю.Когда мир выводит нас из равновесия, достаточно остановиться и прислушаться к себе. Энн так и сделала. Анкит тяжело переживал потерю отца и обрел покой только в одинокой хижине в лесу. Бренда вдруг осознала, что иметь воображаемого друга не так уж плохо. С ним можно «ужинать» и говорить обо всем на свете. Бренда использовала это время, чтобы побыть наедине с собой. «Каждый день делай что-нибудь, что приносит тебе радость» – вот чему Ребекка хотела научить свою маленькую дочь.",
    "language": "русский",
    "publication_year": 2023,
    "time_create": "2023-08-09T15:46:55.168Z",
    "time_update": "2023-08-09T15:46:55.168Z",
    "owner": 3,
    "is_ordered": false,
    "photo": "",
    "genre": [
      19,
      18
    ]
  }
},
{
  "model": "books.book",
  "pk": 10,
  "fields": {
    "title": "Павел Фитин. Начальник разведки",
    "authors": "Александр Колпакиди",
    "description": "В марте 1938 года заместитель главного редактора издательства «Сельхозгиз» Павел Фитин был направлен на учёбу на специальные ускоренные курсы Школы особого назначения НКВД в Московской области. После пятимесячного обучения — стажер в центральном аппарате советской внешней разведки. С ноября 1938 года — заместитель начальника этого подразделения. А в мае 1939 года 31-летнмй Павел Фитин возглавил советскую внешнюю разведку. На этом посту он проработал до июня 1946 года. Какую роль сыграл Урал в жизни легендарного руководителя советской разведки? О чем в своих воспоминаниях написал Павел Фитин? Почему после отставки на долгие десятилетия Павел Фитин оказался в забвение? И кем были выполнявшие его приказы подчиненные и агенты советской внешней разведки? На эти и другие вопросы отвечают авторы сборника.",
    "language": "русский",
    "publication_year": 2022,
    "time_create": "2023-08-09T15:49:44.873Z",
    "time_update": "2023-08-09T15:49:44.873Z",
    "owner": 3,
    "is_ordered": false,
    "photo": "",
    "genre": [
      21,
      22,
      20
    ]
  }
},
{
  "model": "books.book",
  "pk": 11,
  "fields": {
    "title": "Классическая мифология от А до Я. Энциклопедия богов и богинь, героев и героинь, нимф, духов, чудови",
    "authors": "Аннет Гизеке",
    "description": "Область мифов и легенд не ограничивается лишь наукой и античной литературой. Мифология – часть нашего коллективного воображения и культуры. Безгранично присутствуя в искусстве, литературе или музыке, эти великие истории путешествуют по самым глубоким уголкам нашего сознания и опыта. Аннет Гизеке провела систематический обзор первоисточников и мастерски классифицировала их, чтобы сформировать полный и упорядоченный трактат по мифологии. Это не книга исторической и литературной науки, а занимательный и доступный сборник сказочных историй, который предлагает вам приблизиться к знаниям греческих и римских авторов, не опасаясь заблудиться в запутанной местности героев, богов, нимф и мифических существ. Эта прекрасная энциклопедия станет для вас основным справочником по греческой и римской мифологии.\r\nИздательство: Эксмо\r\nISBN: 978-5-04-159944-7\r\nСтраниц: 510\r\nПеревод книги: Вера М. Куприянова",
    "language": "русский",
    "publication_year": 2021,
    "time_create": "2023-08-09T15:53:53.355Z",
    "time_update": "2023-08-09T15:53:53.355Z",
    "owner": 3,
    "is_ordered": false,
    "photo": "",
    "genre": [
      24,
      4,
      23
    ]
  }
},
{
  "model": "books.book",
  "pk": 12,
  "fields": {
    "title": "Йога сновидений. Наполните свою жизнь светом при помощи практики осознанных сновидений",
    "authors": "Эндрю Холечек",
    "description": "В книге «Йога сновидений» Эндрю Холечек даёт практические советы для практикующих медитацию, для опытных путешественников по миру сна, желающих пойти глубже, а также для полных новичков, горящих желанием впервые пережить осознанное сновидение.\r\nISBN: 978-5-907432-53-6\r\nСтраниц: 480\r\nПеревод книги: Ольга Турухина\r\nИздательство: ИД Ганга",
    "language": "русский",
    "publication_year": 2022,
    "time_create": "2023-08-09T15:56:29.975Z",
    "time_update": "2023-08-09T15:56:29.975Z",
    "owner": 3,
    "is_ordered": false,
    "photo": "",
    "genre": [
      6
    ]
  }
},
{
  "model": "books.book",
  "pk": 13,
  "fields": {
    "title": "Мага уводит стаю",
    "authors": "Виктор Потиевский",
    "description": "Произведения о природе и животных занимают в творчестве Виктора Потиевского важное место. В книгу «Мага уводит стаю» вошли повести и рассказы, которые широко печатались еще в советское время в журналах «Юный натуралист», «Пионер», «Наука и жизнь», «Молодая гвардия», в «Роман-газете», других изданиях. В книгу вошли и новые произведения автора. Приключенческое повествование увлекательно раскрывает жизнь дикого лесного мира. Особенность этих произведений в том, что они биологически достоверны и несут правдивую информацию читателю о диких животных.",
    "language": "русский",
    "publication_year": 2005,
    "time_create": "2023-08-09T16:00:22.649Z",
    "time_update": "2023-08-09T16:00:22.649Z",
    "owner": 4,
    "is_ordered": false,
    "photo": "",
    "genre": [
      26,
      25
    ]
  }
},
{
  "model": "books.book",
  "pk": 14,
  "fields": {
    "title": "Моссад. Самые яркие и дерзкие операции израильской секретной службы",
    "authors": "Михаэль Бар-Зохар , Нисим Мишаль",
    "description": "Книга основана на многолетних исследованиях и интервью с израильскими лидерами и оперативниками Моссада. Авторы, имеющие доступ к секретной информации, рассказывают о важнейших операциях Моссада и о его сотрудниках, чья работа вошла в анналы истории спецслужб.\r\nISBN: 978-5-389-21895-6\r\nСтраниц: 510\r\nПеревод книги: Игорь Александрович Бессонов\r\nИздательство: Азбука-Аттикус",
    "language": "русский",
    "publication_year": 2022,
    "time_create": "2023-08-09T16:03:54.280Z",
    "time_update": "2023-08-09T16:03:54.280Z",
    "owner": 4,
    "is_ordered": false,
    "photo": "",
    "genre": [
      27,
      20
    ]
  }
},
{
  "model": "books.book",
  "pk": 15,
  "fields": {
    "title": "Memento mori. История человеческих достижений в борьбе с неизбежным",
    "authors": "Эндрю Дойг",
    "description": "Это книга на неоднозначную тему — о том, какие риски сопровождали человеческую жизнь на протяжении веков и как люди учились избегать их в своем естественном стремлении к долголетию. Если всего лишь 100 лет назад люди умирали в первую очередь от инфекционных заболеваний, то сегодня основными причинами смерти в промышленно развитых странах стали болезни сердца, инсульт и рак. Изучая подобную статистику, мы можем понять, как жили предыдущие поколения, учиться на их ошибках, заимствовать лучшее и создавать новое. От средневекового голода и ныне полузабытой цинги до современного ожирения; от открытия витамина С и базовых правил санитарии и гигиены до терапии стволовыми клетками, редактирования ДНК, генной инженерии — освещая темы причин человеческой смерти в срезе множества поколений и вопросы охраны здоровья, профессор Манчестерского университета Эндрю Дойг насыщает свой рассказ интереснейшими фактами из области истории, культуры, политики, права и экономики. Особо выделяется тема вредных привычек и всевозможных зависимостей. Захватывающая история накопления знаний в области медицины, удивительных достижений и надежд на будущее.\r\nПеревод книги: Каролина Р. Льоренте",
    "language": "русский",
    "publication_year": 2022,
    "time_create": "2023-08-09T16:20:59.481Z",
    "time_update": "2023-08-09T16:20:59.481Z",
    "owner": 4,
    "is_ordered": false,
    "photo": "",
    "genre": [
      10,
      28,
      17
    ]
  }
},
{
  "model": "books.book",
  "pk": 16,
  "fields": {
    "title": "Психология убийцы. Откровения тюремного психиатра",
    "authors": "Теодор Далримпл",
    "description": "Что толкает людей на преступления и что они чувствуют потом, как оценивают свои деяния? Пожалуй, лучше всего в психологии убийц может разобраться тюремный психолог: именно с ним осужденные часто делятся секретами, рассказывают то, о чем не говорили ни в суде, ни близким. Теодор Далримпл много лет работал психиатром и тюремным врачом в Лондоне и Бирмингеме. За время своей работы он столкнулся со множеством ужасающих, смешных и печальных историй. Он выступал на резонансных процессах как эксперт, лечил убийц, грабителей и мошенников, общался с их жертвами, тюремщиками и адвокатами. Сочетая в повествовании сострадание и иронию, автор рисует психологический портрет убийцы, а вместе с тем раскрывает пороки современного общества. Книга Далримпла позволяет по-новому взглянуть на сегодняшнюю систему правосудия, на взаимоотношения закона и общества, на устоявшиеся стереотипы и модные социальные веяния, порой не позволяющие трезво оценивать мотивы преступников и выносить им справедливое наказание.\r\nИздательство: Альпина Диджитал\r\nISBN: 9785961489743\r\nСтраниц: 330",
    "language": "русский",
    "publication_year": 2023,
    "time_create": "2023-08-09T16:23:27.252Z",
    "time_update": "2023-08-09T16:24:10.859Z",
    "owner": 4,
    "is_ordered": false,
    "photo": "",
    "genre": [
      29
    ]
  }
},
{
  "model": "books.genre",
  "pk": 1,
  "fields": {
    "genre_name": "Детская литература"
  }
},
{
  "model": "books.genre",
  "pk": 2,
  "fields": {
    "genre_name": "Приключения"
  }
},
{
  "model": "books.genre",
  "pk": 3,
  "fields": {
    "genre_name": "Фантастика"
  }
},
{
  "model": "books.genre",
  "pk": 4,
  "fields": {
    "genre_name": "Религия"
  }
},
{
  "model": "books.genre",
  "pk": 5,
  "fields": {
    "genre_name": "Духовное"
  }
},
{
  "model": "books.genre",
  "pk": 6,
  "fields": {
    "genre_name": "Эзотерика"
  }
},
{
  "model": "books.genre",
  "pk": 7,
  "fields": {
    "genre_name": "Фэнтези"
  }
},
{
  "model": "books.genre",
  "pk": 8,
  "fields": {
    "genre_name": "Юмор"
  }
},
{
  "model": "books.genre",
  "pk": 9,
  "fields": {
    "genre_name": "Детектив"
  }
},
{
  "model": "books.genre",
  "pk": 10,
  "fields": {
    "genre_name": "История"
  }
},
{
  "model": "books.genre",
  "pk": 11,
  "fields": {
    "genre_name": "Роман"
  }
},
{
  "model": "books.genre",
  "pk": 12,
  "fields": {
    "genre_name": "Вестерн"
  }
},
{
  "model": "books.genre",
  "pk": 13,
  "fields": {
    "genre_name": "Классика"
  }
},
{
  "model": "books.genre",
  "pk": 14,
  "fields": {
    "genre_name": "Мистика"
  }
},
{
  "model": "books.genre",
  "pk": 15,
  "fields": {
    "genre_name": "Поэзия"
  }
},
{
  "model": "books.genre",
  "pk": 16,
  "fields": {
    "genre_name": "Проза"
  }
},
{
  "model": "books.genre",
  "pk": 17,
  "fields": {
    "genre_name": "Образование"
  }
},
{
  "model": "books.genre",
  "pk": 18,
  "fields": {
    "genre_name": "Спорт"
  }
},
{
  "model": "books.genre",
  "pk": 19,
  "fields": {
    "genre_name": "Саморазвитие"
  }
},
{
  "model": "books.genre",
  "pk": 20,
  "fields": {
    "genre_name": "Политика"
  }
},
{
  "model": "books.genre",
  "pk": 21,
  "fields": {
    "genre_name": "Биографии и Мемуары"
  }
},
{
  "model": "books.genre",
  "pk": 22,
  "fields": {
    "genre_name": "Документальная литература"
  }
},
{
  "model": "books.genre",
  "pk": 23,
  "fields": {
    "genre_name": "Энциклопедия"
  }
},
{
  "model": "books.genre",
  "pk": 24,
  "fields": {
    "genre_name": "Мифы. Легенды. Эпос."
  }
},
{
  "model": "books.genre",
  "pk": 25,
  "fields": {
    "genre_name": "Природа и Животные"
  }
},
{
  "model": "books.genre",
  "pk": 26,
  "fields": {
    "genre_name": "Повести и Рассказы"
  }
},
{
  "model": "books.genre",
  "pk": 27,
  "fields": {
    "genre_name": "Военная литература"
  }
},
{
  "model": "books.genre",
  "pk": 28,
  "fields": {
    "genre_name": "Медицина"
  }
},
{
  "model": "books.genre",
  "pk": 29,
  "fields": {
    "genre_name": "Психология"
  }
}
]
